0.0041076,-0.018939,0.01279
0.095642,-0.11284,0.1264
0.24613,-0.14104,0.26053
0.39299,-0.18723,0.37839
0.54165,-0.2669,0.47791
0.69141,-0.35757,0.59024
0.83557,-0.47603,0.70141
0.9812,-0.58349,0.81375
1.1346,-0.68324,0.91235
1.2956,-0.75938,1.0036
1.4566,-0.82598,1.0835
1.629,-0.89186,1.1508
1.8105,-0.95857,1.2313
1.9964,-1.0376,1.3177
2.1781,-1.1151,1.3834
2.3458,-1.1888,1.4284
2.5265,-1.2577,1.4704
2.7072,-1.3279,1.5136
2.8765,-1.395,1.5588
3.0421,-1.4635,1.6035
3.1957,-1.5328,1.6474
3.343,-1.6029,1.6878
3.492,-1.6758,1.7208
3.6447,-1.7542,1.7521
3.7898,-1.8418,1.7718
3.9331,-1.95,1.795
4.067,-2.0709,1.8227
4.2051,-2.1866,1.8431
4.3438,-2.3015,1.856
4.4789,-2.4211,1.8787
4.6068,-2.5466,1.8979
4.7308,-2.6768,1.9156
4.8471,-2.8029,1.9388
4.9632,-2.9232,1.9668
5.0776,-3.0467,1.9931
5.1989,-3.1676,2.0173
5.3222,-3.2832,2.0379
5.4396,-3.4015,2.0591
5.5581,-3.5193,2.0775
5.6768,-3.6371,2.1007
5.7879,-3.7604,2.1242
5.909,-3.8774,2.1467
6.0395,-3.9873,2.1696
6.1697,-4.0964,2.1893
6.2796,-4.2094,2.2032
6.375,-4.324,2.2142
6.471,-4.4489,2.2175
6.5758,-4.5759,2.212
6.6848,-4.6999,2.2186
6.7879,-4.8289,2.2316
6.8915,-4.958,2.2331
6.9918,-5.102,2.2237
7.0923,-5.2481,2.2144
7.1938,-5.3939,2.2094
7.2884,-5.5427,2.2093
7.3873,-5.6914,2.2019
7.4808,-5.8308,2.2039
7.5912,-5.9501,2.2136
7.6996,-6.0857,2.2187
7.788,-6.2376,2.2058
7.881,-6.3829,2.1903
8.0032,-6.4759,2.1855
8.1447,-6.5246,2.1984
8.2951,-6.5242,2.2629
8.3934,-6.5195,2.3514
8.4869,-6.3591,2.4896
8.7246,-6.1778,2.6426
8.9706,-6.1887,2.6941
9.1458,-6.3396,2.7195
9.2081,-6.5996,2.7046
9.2778,-6.8763,2.6564
9.353,-7.1191,2.6319
9.4393,-7.2985,2.6153
9.5223,-7.4813,2.5946
9.5778,-7.7183,2.5644
9.5849,-7.9986,2.5275
9.5251,-8.2864,2.5089
9.3961,-8.5742,2.5281
9.1851,-8.8915,2.5632
9.0222,-9.1951,2.6045
8.9469,-9.4653,2.6528
8.9011,-9.7286,2.6942
8.8843,-9.9803,2.7576
8.8526,-10.251,2.8287
8.8312,-10.567,2.8598
8.8254,-10.916,2.8743
8.7785,-11.281,2.8986
8.6791,-11.674,2.9279
8.5274,-12.1,2.9223
8.3644,-12.589,2.8046
8.2156,-13.146,2.5473
8.1793,-13.744,2.26
8.2668,-14.273,2.187
8.3964,-14.531,2.1839
8.6206,-14.57,2.182
8.8872,-14.592,2.2237
9.154,-14.679,2.2583
9.412,-14.848,2.238
9.6734,-15.062,2.145
9.9495,-15.267,1.9877
10.251,-15.439,1.7933
10.564,-15.612,1.6002
10.858,-15.823,1.4054
11.113,-16.089,1.1654
11.343,-16.37,0.88697
11.612,-16.595,0.63688
11.912,-16.734,0.45489
12.206,-16.836,0.29228
12.463,-16.973,0.099432
12.666,-17.161,-0.091071
12.817,-17.354,-0.2261
12.941,-17.492,-0.31907
13.057,-17.562,-0.38977
13.148,-17.61,-0.42805
13.216,-17.696,-0.44216
13.288,-17.819,-0.4199
13.379,-17.956,-0.37219
13.495,-18.078,-0.33501
13.62,-18.171,-0.29789
13.728,-18.239,-0.25782
13.807,-18.321,-0.20731
13.864,-18.455,-0.17271
13.853,-18.585,-0.038061
13.837,-18.628,0.20369
13.833,-18.641,0.35455
13.855,-18.648,0.36059
13.963,-18.695,0.25763
14.092,-18.887,0.071452
14.173,-19.163,-0.16289
14.206,-19.463,-0.36755
14.251,-19.757,-0.51195
14.329,-20.006,-0.59222
14.402,-20.19,-0.60241
14.452,-20.362,-0.57634
14.467,-20.541,-0.56048
14.497,-20.704,-0.56746
14.549,-20.914,-0.57693
14.617,-21.134,-0.62585
14.709,-21.35,-0.6937
14.797,-21.577,-0.77321
14.849,-21.854,-0.86771
14.863,-22.14,-0.92573
14.882,-22.479,-0.92459
14.902,-22.712,-0.91336
14.961,-22.884,-0.86848
15.027,-23.122,-0.82943
15.057,-23.402,-0.80822
15.034,-23.717,-0.75564
14.995,-24.004,-0.66424
14.937,-24.253,-0.5461
14.893,-24.477,-0.39179
14.895,-24.689,-0.22496
14.947,-24.897,-0.098854
15.016,-25.129,-0.025326
15.079,-25.375,0.013653
15.127,-25.591,0.035302
15.184,-25.772,0.027559
15.249,-25.939,-0.029037
15.328,-26.09,-0.1444
15.409,-26.246,-0.28846
15.466,-26.405,-0.42546
15.517,-26.555,-0.53883
15.556,-26.712,-0.62895
15.589,-26.875,-0.69891
15.62,-27.039,-0.76366
15.639,-27.216,-0.82356
15.643,-27.403,-0.87046
15.64,-27.606,-0.90505
15.641,-27.824,-0.95289
15.673,-28.047,-1.0259
15.725,-28.26,-1.1206
15.77,-28.482,-1.2361
15.813,-28.755,-1.3804
15.88,-29.095,-1.5756
15.97,-29.495,-1.8292
16.058,-29.896,-2.1093
16.106,-30.231,-2.3928
16.124,-30.468,-2.6667
16.052,-30.671,-2.9302
15.937,-30.868,-3.1764
15.784,-31.076,-3.3745
15.656,-31.274,-3.5213
15.602,-31.396,-3.6119
15.478,-31.488,-3.6081
15.229,-31.621,-3.5247
14.887,-31.786,-3.4164
14.573,-31.936,-3.3486
14.345,-32.101,-3.3238
14.171,-32.296,-3.3242
13.919,-32.523,-3.3125
13.551,-32.782,-3.244
13.175,-33.078,-3.1186
12.889,-33.379,-2.9746
12.692,-33.664,-2.8567
12.499,-33.965,-2.8
12.245,-34.312,-2.7926
11.989,-34.711,-2.8172
11.77,-35.101,-2.8237
11.737,-35.417,-2.8356
11.94,-35.608,-2.8819
12.214,-35.696,-2.9376
12.442,-35.808,-2.9873
12.559,-36.015,-2.995
12.575,-36.28,-2.9895
12.531,-36.556,-3.0477
12.537,-36.82,-3.1859
12.697,-37.09,-3.3882
12.938,-37.376,-3.6107
13.107,-37.622,-3.7925
13.163,-37.815,-3.9192
13.173,-38.016,-4.0228
13.2,-38.234,-4.1106
13.268,-38.427,-4.175
13.354,-38.593,-4.2326
13.421,-38.768,-4.3078
13.491,-38.958,-4.4119
13.571,-39.148,-4.5154
13.657,-39.327,-4.5851
13.722,-39.492,-4.6194
13.719,-39.664,-4.6122
13.704,-39.858,-4.5899
13.714,-40.051,-4.5639
13.739,-40.225,-4.5274
13.757,-40.376,-4.4851
13.758,-40.51,-4.4405
13.778,-40.65,-4.4089
13.807,-40.811,-4.3837
13.835,-40.986,-4.3855
13.86,-41.185,-4.4011
13.893,-41.39,-4.4213
13.942,-41.56,-4.4282
13.997,-41.691,-4.4347
14.04,-41.825,-4.459
14.083,-41.975,-4.5058
14.133,-42.139,-4.5605
14.186,-42.309,-4.6151
14.237,-42.473,-4.6692
14.298,-42.626,-4.72
14.387,-42.775,-4.7846
14.456,-42.933,-4.8403
14.511,-43.111,-4.9146
14.571,-43.304,-5.0057
14.652,-43.485,-5.094
14.733,-43.649,-5.1636
14.788,-43.802,-5.1967
14.833,-43.941,-5.2261
14.88,-44.087,-5.2725
14.954,-44.253,-5.3411
15.046,-44.429,-5.4304
15.131,-44.611,-5.5113
15.182,-44.789,-5.5627
15.23,-44.957,-5.6157
15.294,-45.125,-5.6794
15.379,-45.288,-5.7415
15.45,-45.436,-5.7811
15.492,-45.59,-5.8116
15.539,-45.772,-5.8528
15.609,-45.96,-5.9069
15.712,-46.133,-5.9714
15.803,-46.288,-6.0283
15.87,-46.457,-6.0815
15.92,-46.645,-6.1277
15.984,-46.821,-6.1879
16.062,-46.976,-6.2501
16.134,-47.126,-6.3097
16.196,-47.289,-6.376
16.252,-47.468,-6.451
16.297,-47.652,-6.5235
16.329,-47.83,-6.5644
16.367,-47.992,-6.5859
16.417,-48.146,-6.6218
16.449,-48.314,-6.6557
16.463,-48.492,-6.6752
16.48,-48.663,-6.7005
16.497,-48.823,-6.7429
16.53,-48.995,-6.8142
16.576,-49.18,-6.8935
16.627,-49.368,-6.9555
16.655,-49.542,-6.9843
16.669,-49.71,-7.0032
16.697,-49.904,-7.0566
16.736,-50.122,-7.127
16.756,-50.332,-7.165
16.733,-50.508,-7.1601
16.709,-50.676,-7.1377
16.704,-50.861,-7.1322
16.707,-51.068,-7.1405
16.703,-51.269,-7.1445
16.67,-51.455,-7.1228
16.655,-51.643,-7.0893
16.687,-51.826,-7.0843
16.727,-52.003,-7.1069
16.756,-52.184,-7.1653
16.788,-52.372,-7.2725
16.859,-52.576,-7.4486
16.971,-52.797,-7.6585
17.107,-53.035,-7.853
17.225,-53.281,-8.0031
17.247,-53.501,-8.0565
17.187,-53.692,-8.0224
17.108,-53.876,-7.96
17.068,-54.071,-7.9313
17.068,-54.282,-7.964
17.066,-54.515,-8.0003
17.008,-54.731,-7.9697
16.884,-54.89,-7.8643
16.755,-55.011,-7.7547
16.684,-55.165,-7.7284
16.638,-55.355,-7.7815
16.571,-55.531,-7.8476
16.479,-55.674,-7.885
16.396,-55.8,-7.909
16.326,-55.938,-7.9071
16.265,-56.099,-7.8883
16.217,-56.262,-7.8492
16.155,-56.417,-7.7813
16.089,-56.579,-7.7108
16.049,-56.748,-7.6618
16.046,-56.904,-7.6236
16.077,-57.04,-7.6078
16.15,-57.174,-7.6517
16.265,-57.34,-7.7582
16.408,-57.534,-7.8929
16.589,-57.725,-8.0491
16.785,-57.915,-8.2088
16.94,-58.095,-8.3439
17.083,-58.27,-8.4897
17.268,-58.439,-8.6752
17.492,-58.603,-8.8629
17.699,-58.751,-9.0171
17.87,-58.897,-9.1618
17.999,-59.053,-9.267
18.08,-59.189,-9.3041
18.086,-59.301,-9.2555
18.064,-59.41,-9.1749
18.058,-59.537,-9.1054
18.107,-59.67,-9.0749
18.217,-59.798,-9.116
18.353,-59.928,-9.2156
18.473,-60.061,-9.3332
18.592,-60.206,-9.4642
18.7,-60.347,-9.5785
18.802,-60.48,-9.6661
18.907,-60.613,-9.7506
18.991,-60.755,-9.8442
19.057,-60.92,-9.9446
19.103,-61.094,-10.018
19.103,-61.258,-10.037
19.067,-61.409,-10.023
19.027,-61.573,-10.016
19.032,-61.756,-10.054
19.081,-61.943,-10.136
19.091,-62.131,-10.223
19.007,-62.33,-10.293
18.883,-62.522,-10.347
18.683,-62.738,-10.417
18.709,-62.98,-10.509
18.741,-63.233,-10.642
18.777,-63.486,-10.789
18.861,-63.724,-10.972
18.988,-63.942,-11.169
19.087,-64.134,-11.344
19.125,-64.303,-11.472
19.124,-64.469,-11.556
19.162,-64.623,-11.643
19.267,-64.782,-11.761
19.364,-64.954,-11.884
19.448,-65.136,-12.021
19.522,-65.317,-12.158
19.616,-65.484,-12.293
19.72,-65.659,-12.421
19.815,-65.844,-12.546
19.925,-66.031,-12.701
20.043,-66.238,-12.873
20.184,-66.448,-13.057
20.308,-66.644,-13.199
20.411,-66.829,-13.312
20.542,-67.021,-13.456
20.745,-67.225,-13.678
20.99,-67.439,-13.96
21.18,-67.646,-14.185
21.295,-67.836,-14.316
21.386,-68.025,-14.414
21.526,-68.213,-14.566
21.756,-68.413,-14.8
21.985,-68.612,-15.032
22.166,-68.804,-15.233
22.344,-68.997,-15.442
22.529,-69.183,-15.657
22.738,-69.352,-15.897
22.966,-69.524,-16.146
23.204,-69.708,-16.414
23.44,-69.888,-16.684
23.663,-70.054,-16.939
23.889,-70.207,-17.186
24.129,-70.368,-17.438
24.347,-70.541,-17.67
24.538,-70.719,-17.872
24.7,-70.898,-18.056
24.894,-71.063,-18.277
25.131,-71.239,-18.544
25.373,-71.419,-18.804
25.607,-71.581,-19.033
25.855,-71.735,-19.277
26.159,-71.898,-19.584
26.459,-72.076,-19.905
26.71,-72.248,-20.191
27.003,-72.41,-20.509
27.352,-72.579,-20.856
27.661,-72.746,-21.169
27.845,-72.904,-21.374
27.976,-73.056,-21.525
28.174,-73.211,-21.735
28.448,-73.375,-22.02
28.731,-73.539,-22.328
28.968,-73.698,-22.586
29.191,-73.854,-22.817
29.405,-73.999,-23.036
29.59,-74.153,-23.231
29.793,-74.334,-23.459
30.04,-74.53,-23.731
30.301,-74.727,-24.002
30.587,-74.917,-24.304
30.88,-75.094,-24.632
31.196,-75.277,-24.99
31.548,-75.464,-25.372
31.909,-75.659,-25.735
32.217,-75.866,-26.035
32.464,-76.091,-26.301
32.691,-76.315,-26.555
32.954,-76.541,-26.821
33.268,-76.76,-27.119
33.583,-76.962,-27.426
33.871,-77.149,-27.707
34.226,-77.312,-28.056
34.646,-77.476,-28.476
35.087,-77.642,-28.913
35.532,-77.808,-29.353
36.003,-77.97,-29.827
36.516,-78.124,-30.353
36.979,-78.26,-30.828
37.375,-78.373,-31.233
37.725,-78.477,-31.603
38.081,-78.6,-31.985
38.505,-78.742,-32.433
38.957,-78.89,-32.914
39.436,-79.031,-33.436
39.971,-79.164,-34.029
40.617,-79.301,-34.719
41.256,-79.444,-35.39
41.933,-79.596,-36.102
42.757,-79.802,-36.98
43.74,-80.06,-38.035
44.774,-80.344,-39.116
45.718,-80.634,-40.059
46.624,-80.916,-40.96
47.565,-81.186,-41.914
48.387,-81.43,-42.776
49.071,-81.651,-43.489
49.816,-81.872,-44.219
50.508,-82.084,-44.888
50.996,-82.264,-45.339
51.232,-82.395,-45.534
51.136,-82.489,-45.391
50.785,-82.547,-44.996
50.429,-82.59,-44.606
50.341,-82.644,-44.476
50.74,-82.722,-44.827
51.583,-82.819,-45.617
52.764,-82.921,-46.754
54.456,-83.021,-48.461
56.62,-83.079,-50.69
59.039,-83.091,-53.147
61.566,-83.07,-55.697
64.214,-83.049,-58.353
67.362,-83.065,-61.498
70.96,-83.091,-65.129
74.497,-83.087,-68.71
77.607,-83.06,-71.834
80.185,-83.018,-74.404
82.255,-82.977,-76.458
84.126,-82.96,-78.312
85.991,-82.963,-80.134
88.007,-82.977,-82.056
90.081,-83.003,-83.976
92.336,-83.042,-86.051
95.272,-83.135,-88.727
97.717,-83.211,-90.86
98.231,-83.184,-91.58
96.385,-83.14,-90.172
92.719,-83.116,-86.768
89.129,-83.094,-83.397
86.504,-83.113,-80.968
84.814,-83.188,-79.359
84.051,-83.314,-78.552
84.273,-83.465,-78.673
85.212,-83.629,-79.499
86.457,-83.791,-80.639
87.777,-83.932,-81.887
89.122,-84.051,-83.172
90.593,-84.142,-84.594
92.652,-84.201,-86.614
95.383,-84.236,-89.306
98.379,-84.259,-92.25
101.21,-84.292,-95.018
103.9,-84.349,-97.649
106.8,-84.416,-100.49
110.04,-84.463,-103.68
113.54,-84.468,-107.11
117.14,-84.409,-110.64
120.81,-84.293,-114.25
124.22,-84.144,-117.61
127.22,-84.002,-120.57
129.73,-83.892,-123.07
131.7,-83.831,-125.06
133.24,-83.821,-126.61
134.55,-83.83,-127.94
135.87,-83.818,-129.25
137.26,-83.762,-130.64
138.56,-83.677,-131.93
139.67,-83.593,-133.03
140.78,-83.515,-134.18
141.99,-83.443,-135.45
143.26,-83.382,-136.76
144.57,-83.319,-138.09
145.96,-83.228,-139.52
147.49,-83.105,-141.08
149.05,-82.961,-142.65
150.6,-82.815,-144.22
152.15,-82.672,-145.81
153.53,-82.535,-147.23
154.72,-82.392,-148.44
155.68,-82.225,-149.44
156.35,-82.042,-150.15
156.76,-81.845,-150.63
156.99,-81.639,-150.93
157.17,-81.43,-151.19
157.41,-81.236,-151.51
157.82,-81.06,-151.96
158.34,-80.889,-152.51
158.87,-80.721,-153.08
159.31,-80.548,-153.58
159.63,-80.368,-153.96
159.83,-80.181,-154.22
160.02,-79.986,-154.46
160.33,-79.778,-154.81
160.76,-79.57,-155.28
161.29,-79.36,-155.81
161.83,-79.139,-156.34
162.3,-78.917,-156.8
162.66,-78.705,-157.18
162.9,-78.509,-157.44
163.06,-78.331,-157.65
163.24,-78.178,-157.88
163.46,-78.047,-158.14
163.79,-77.92,-158.52
164.28,-77.778,-159.03
164.83,-77.616,-159.58
165.37,-77.449,-160.11
165.86,-77.287,-160.63
166.26,-77.134,-161.07
166.6,-76.991,-161.47
166.95,-76.86,-161.85
167.28,-76.736,-162.22
167.61,-76.61,-162.59
167.93,-76.467,-162.95
168.23,-76.297,-163.3
168.58,-76.12,-163.68
168.95,-75.945,-164.06
169.29,-75.769,-164.42
169.55,-75.609,-164.72
169.76,-75.461,-164.98
169.97,-75.314,-165.24
170.17,-75.157,-165.48
170.37,-74.982,-165.69
170.56,-74.788,-165.88
170.68,-74.585,-166.03
170.79,-74.398,-166.18
170.87,-74.223,-166.28
170.9,-74.05,-166.35
170.93,-73.877,-166.41
170.96,-73.704,-166.47
171,-73.53,-166.52
171.02,-73.358,-166.57
171.06,-73.184,-166.63
171.14,-73.014,-166.73
171.24,-72.839,-166.84
171.34,-72.652,-166.96
171.47,-72.45,-167.09
171.56,-72.252,-167.19
171.59,-72.061,-167.22
171.57,-71.871,-167.22
171.55,-71.696,-167.23
171.6,-71.515,-167.29
171.68,-71.318,-167.39
171.79,-71.11,-167.5
171.93,-70.885,-167.62
172.05,-70.648,-167.73
172.1,-70.408,-167.79
172.08,-70.176,-167.8
172.08,-69.967,-167.81
172.11,-69.752,-167.87
172.21,-69.518,-168
172.35,-69.278,-168.15
172.5,-69.019,-168.31
172.62,-68.739,-168.44
172.69,-68.45,-168.52
172.76,-68.184,-168.6
172.85,-67.948,-168.69
172.91,-67.715,-168.78
172.99,-67.479,-168.92
173.09,-67.243,-169.06
173.21,-66.989,-169.18
173.29,-66.705,-169.27
173.36,-66.398,-169.34
173.42,-66.104,-169.4
173.47,-65.836,-169.45
173.49,-65.605,-169.48
173.48,-65.406,-169.51
173.44,-65.237,-169.52
173.45,-65.083,-169.55
173.48,-64.915,-169.6
173.54,-64.713,-169.68
173.63,-64.493,-169.78
173.74,-64.275,-169.88
173.84,-64.059,-169.99
173.9,-63.861,-170.08
173.95,-63.685,-170.17
174.01,-63.516,-170.26
174.06,-63.34,-170.35
174.13,-63.151,-170.44
174.21,-62.949,-170.53
174.28,-62.73,-170.62
174.37,-62.517,-170.73
174.48,-62.316,-170.84
174.58,-62.112,-170.97
174.67,-61.917,-171.09
174.76,-61.732,-171.2
174.84,-61.545,-171.31
174.92,-61.358,-171.42
175.01,-61.171,-171.54
175.1,-60.97,-171.65
175.16,-60.754,-171.73
175.21,-60.526,-171.81
175.24,-60.287,-171.87
175.27,-60.049,-171.94
175.3,-59.825,-172.02
175.33,-59.605,-172.1
175.4,-59.382,-172.21
175.46,-59.148,-172.32
175.53,-58.911,-172.43
175.56,-58.663,-172.51
175.53,-58.403,-172.57
175.46,-58.13,-172.62
175.33,-57.826,-172.66
175.18,-57.485,-172.72
174.99,-57.081,-172.78
174.74,-56.56,-172.87
174.38,-55.89,-172.96
173.86,-55.024,-173.05
173.1,-53.889,-173.15
172.19,-52.532,-173.25
171.22,-51.091,-173.34
170.15,-49.643,-173.42
168.99,-48.222,-173.56
167.67,-46.891,-173.78
166.08,-45.494,-174.28
164.31,-43.973,-174.64
162.6,-42.509,-175.28
161.16,-41.133,-175.62
159.99,-39.95,-176.18
158.92,-38.916,-176.48
157.65,-37.777,-177.25
156.16,-36.428,-177.63
154.74,-35.027,-180.52
153.65,-33.771,-165.56
153,-32.746,147.37
152.58,-31.885,186.58
152.11,-31.014,174.77
151.28,-30.155,179.48
149.92,-29.127,175
148.53,-27.993,176.11
147.69,-27.192,173.86
147.3,-26.681,174.23
146.8,-26.083,173.12
145.93,-25.211,172.71
144.75,-24.232,171.62
143.46,-23.375,170.76
142.36,-22.7,169.97
141.61,-22.27,169.39
140.93,-21.863,168.86
139.97,-21.197,168.13
138.84,-20.428,167.3
137.92,-19.94,166.64
137.18,-19.729,166.15
136.28,-19.492,165.59
135.15,-19.066,164.86
134.15,-18.673,164.16
133.36,-18.388,163.55
132.67,-18.091,162.97
132.04,-17.712,162.42
131.34,-17.235,161.91
130.6,-16.723,161.45
129.88,-16.222,161.05
129.22,-15.725,160.7
128.6,-15.208,160.35
127.89,-14.66,159.95
127.17,-14.176,159.53
126.59,-13.85,159.17
126.03,-13.58,158.78
125.45,-13.279,158.37
125.04,-12.989,158.09
124.76,-12.697,157.9
124.45,-12.342,157.66
124.17,-11.989,157.4
123.95,-11.709,157.16
123.71,-11.464,156.87
123.5,-11.283,156.6
123.29,-11.177,156.4
122.92,-11.071,156.17
122.39,-10.951,155.91
121.89,-10.854,155.7
121.47,-10.743,155.52
121.12,-10.566,155.28
120.74,-10.302,154.93
120.33,-10.018,154.54
119.97,-9.801,154.24
119.57,-9.6387,154
119.12,-9.4794,153.78
118.71,-9.301,153.58
118.4,-9.0822,153.39
118.16,-8.7937,153.21
117.93,-8.4477,152.98
117.74,-8.098,152.76
117.64,-7.8301,152.64
117.55,-7.6333,152.57
117.38,-7.4588,152.53
117,-7.2405,152.39
116.57,-7.0118,152.21
116.3,-6.8478,152.15
116.06,-6.6784,152.06
115.67,-6.458,151.85
115.17,-6.2138,151.56
114.74,-6.0083,151.32
114.44,-5.8487,151.19
113.96,-5.6459,151
113.37,-5.3665,150.77
113.02,-5.1109,150.7
112.91,-4.8743,150.75
112.87,-4.6447,150.85
112.81,-4.4197,150.93
112.78,-4.2468,151.02
112.76,-4.1484,151.13
112.67,-4.0659,151.16
112.63,-3.9713,151.13
112.79,-3.8695,151.16
113.09,-3.7651,151.26
113.32,-3.6471,151.35
113.44,-3.5638,151.47
113.51,-3.5355,151.61
113.56,-3.5386,151.76
113.64,-3.5287,151.89
113.76,-3.4745,151.99
113.9,-3.385,152.1
114.04,-3.2869,152.2
114.14,-3.2063,152.31
114.19,-3.1599,152.45
114.2,-3.138,152.61
114.25,-3.113,152.77
114.36,-3.0543,152.92
114.48,-2.9551,153.03
114.57,-2.8381,153.12
114.63,-2.7492,153.23
114.71,-2.7093,153.38
114.79,-2.681,153.53
114.89,-2.6478,153.69
115.06,-2.6046,153.86
115.26,-2.5509,154.04
115.49,-2.4822,154.2
115.8,-2.428,154.38
116.2,-2.4292,154.62
116.7,-2.4735,154.9
117.39,-2.5553,155.26
118.43,-2.6807,155.78
119.84,-2.9095,156.55
121.09,-3.1234,157.34
121.6,-3.0448,157.65
122.32,-3.1002,157.99
123.93,-3.5421,158.68
126.29,-4.1775,159.63
129.06,-4.962,160.96
131.63,-5.6441,162.41
133.45,-5.7729,163.47
134.51,-5.4074,163.96
135.67,-5.2073,164.21
137.34,-5.6724,164.54
139.09,-6.7098,165.07
140.6,-7.7967,165.67
141.52,-8.4334,166.13
141.78,-8.4756,166.26
142.12,-8.5369,166.3
142.81,-9.1173,166.49
143.52,-10.093,166.81
144.13,-11.137,167.21
144.82,-12.075,167.67
145.77,-12.817,168.15
146.91,-13.349,168.56
148.13,-13.85,168.93
149.37,-14.366,169.28
150.68,-14.735,169.54
152.15,-14.991,169.73
153.71,-15.154,169.88
155.25,-15.256,169.98
156.65,-15.44,170.04
157.84,-15.768,170.11
158.76,-16.227,170.2
159.54,-16.804,170.34
160.31,-17.453,170.53
161.13,-18.112,170.78
162.12,-18.85,171.06
163.2,-19.677,171.36
164.21,-20.446,171.59
165.12,-21.119,171.78
166.01,-21.802,172
166.97,-22.628,172.29
168.01,-23.635,172.62
169.04,-24.782,172.95
169.95,-25.977,173.27
170.66,-27.046,173.57
171.29,-27.857,173.8
172.23,-28.43,173.99
172.83,-28.949,174.18
174.42,-29.515,174.4
174.47,-30.059,174.61
176.81,-30.51,174.8
175.45,-30.854,174.96
179.7,-31.087,175.09
174.88,-31.264,175.23
186.66,-31.459,175.38
147.44,-31.703,175.54
-165.61,-31.976,175.67
-180.86,-32.258,175.75
-178.41,-32.48,175.8
-178.45,-32.614,175.84
-177.83,-32.776,175.86
-177.45,-33.003,175.87
-176.86,-33.268,175.89
-176.66,-33.528,175.91
-176.3,-33.727,175.9
-176.2,-33.883,175.9
-175.78,-34.017,175.92
-175.46,-34.152,175.97
-175.07,-34.305,176.01
-174.71,-34.446,176.04
-174.47,-34.555,176.05
-174.39,-34.621,176.07
-174.33,-34.656,176.1
-174.19,-34.664,176.16
-174.02,-34.643,176.23
-173.86,-34.609,176.31
-173.73,-34.612,176.38
-173.66,-34.674,176.43
-173.67,-34.761,176.46
-173.71,-34.823,176.49
-173.7,-34.857,176.5
-173.66,-34.851,176.52
-173.65,-34.774,176.57
-173.68,-34.645,176.63
-173.73,-34.513,176.72
-173.87,-34.351,176.84
-174.08,-34.15,176.98
-174.28,-33.921,177.12
-174.44,-33.684,177.26
-174.53,-33.482,177.37
-174.64,-33.312,177.47
-174.8,-33.175,177.55
-175.01,-33.069,177.64
-175.25,-32.973,177.77
-175.51,-32.863,177.92
-175.75,-32.723,178.05
-175.91,-32.58,178.16
-176.04,-32.422,178.25
-176.18,-32.251,178.34
-176.33,-32.084,178.42
-176.47,-31.928,178.52
-176.62,-31.784,178.62
-176.79,-31.653,178.71
-176.94,-31.528,178.79
-177.07,-31.377,178.85
-177.18,-31.199,178.91
-177.23,-30.993,178.97
-177.27,-30.782,179.03
-177.31,-30.579,179.09
-177.41,-30.394,179.17
-177.54,-30.216,179.61
-177.66,-30.037,178.99
-177.76,-29.85,180.52
-177.85,-29.654,178.16
-177.9,-29.445,182.22
-177.95,-29.248,176
-177.99,-29.066,185.81
-178.06,-28.886,170.11
-178.16,-28.717,199.27
-178.26,-28.556,102.98
-178.35,-28.393,-193.18
-178.45,-28.218,-171.76
-178.54,-28.041,-185.13
-178.62,-27.867,-176.48
-178.72,-27.691,-181.97
-178.79,-27.52,-178.44
-178.84,-27.355,-180.57
-178.86,-27.173,-179.38
-178.91,-26.99,-179.96
-178.98,-26.818,-179.7
-179.08,-26.655,-179.59
-179.17,-26.497,-179.54
-179.25,-26.325,-179.51
-179.32,-26.134,-179.48
-179.36,-25.939,-179.46
-179.41,-25.738,-179.46
-179.47,-25.539,-179.44
-179.9,-25.349,-179.41
-179.25,-25.149,-179.37
-180.71,-24.928,-179.33
-178.3,-24.693,-179.28
-182.35,-24.468,-179.22
-176.16,-24.26,-179.15
-185.98,-24.07,-179.11
-170.26,-23.888,-179.09
-199.36,-23.702,-179.09
-103,-23.518,-179.08
193.2,-23.353,-179.05
171.81,-23.207,-179
185.23,-23.055,-178.94
176.58,-22.865,-178.88
182.03,-22.677,-178.79
178.4,-22.473,-178.65
180.39,-22.252,-178.47
179.04,-22.009,-178.26
179.49,-21.758,-178.05
179.14,-21.526,-177.88
178.99,-21.326,-177.77
178.92,-21.151,-177.7
178.87,-20.981,-177.69
178.85,-20.806,-177.67
178.84,-20.612,-177.63
178.82,-20.388,-177.57
178.78,-20.137,-177.47
178.7,-19.873,-177.34
178.59,-19.6,-177.2
178.45,-19.358,-177.07
178.31,-19.159,-176.98
178.2,-19.033,-176.92
178.08,-18.926,-176.91
178.01,-18.746,-176.94
178.03,-18.514,-176.99
178.11,-18.235,-177.05
178.2,-17.949,-177.09
178.22,-17.694,-177.09
178.2,-17.479,-177.1
178.22,-17.286,-177.13
178.3,-17.084,-177.16
178.39,-16.864,-177.16
178.44,-16.642,-177.09
178.37,-16.434,-176.94
178.17,-16.264,-176.74
177.94,-16.14,-176.56
177.76,-16.053,-176.46
177.64,-15.953,-176.44
177.63,-15.825,-176.49
177.73,-15.675,-176.57
177.86,-15.493,-176.64
177.96,-15.315,-176.69
178.03,-15.159,-176.72
178.05,-15.008,-176.74
178.05,-14.868,-176.76
178.08,-14.727,-176.76
178.09,-14.566,-176.75
178.08,-14.376,-176.73
178.07,-14.187,-176.69
178.04,-13.983,-176.65
177.99,-13.783,-176.59
177.91,-13.596,-176.53
177.83,-13.418,-176.48
177.73,-13.213,-176.45
177.69,-13.016,-176.44
177.69,-12.835,-176.44
177.69,-12.651,-176.44
177.74,-12.474,-176.46
177.82,-12.339,-176.49
177.85,-12.202,-176.5
177.86,-12.101,-176.51
177.86,-11.979,-176.52
177.86,-11.87,-176.53
177.88,-11.767,-176.54
177.89,-11.709,-176.53
177.87,-11.596,-176.52
177.83,-11.497,-176.5
177.76,-11.41,-176.5
177.71,-11.308,-176.5
177.7,-11.25,-176.5
177.7,-11.107,-176.5
177.66,-10.951,-176.5
177.64,-10.861,-176.5
177.61,-10.793,-176.5
177.56,-10.744,-176.51
177.52,-10.691,-176.53
177.52,-10.687,-176.55
177.52,-10.695,-176.57
177.55,-10.645,-176.59
177.63,-10.607,-176.62
177.67,-10.568,-176.64
177.66,-10.518,-176.66
177.7,-10.43,-176.68
177.71,-10.344,-176.71
177.72,-10.263,-176.75
177.78,-10.148,-176.77
177.86,-10.013,-176.79
177.95,-9.8993,-176.8
178.28,-9.7631,-176.81
178.08,-9.5638,-176.81
178.76,-9.3232,-176.8
177.98,-9.0629,-176.78
179.57,-8.7786,-176.76
177.53,-8.475,-176.75
181.17,-8.1818,-176.75
175.78,-7.889,-176.78
187.03,-7.5518,-176.81
147.47,-7.0917,-176.82
-165.7,-6.507,-176.83
-180.87,-5.8306,-176.84
-178.14,-5.1379,-176.84
-177.8,-4.4678,-176.85
-176.88,-3.8204,-176.85
-176.29,-3.2043,-176.86
-175.47,-2.604,-176.85
-174.94,-1.9688,-176.83
-174.1,-1.2754,-176.8
-173.45,-0.53162,-176.77
-172.43,0.24121,-176.73
-171.49,1.0124,-176.68
-170.49,1.7638,-176.61
-169.45,2.5188,-176.52
-168.39,3.3079,-176.4
-167.35,4.1155,-176.27
-166.37,4.9159,-176.12
-165.48,5.6788,-175.96
-164.69,6.4056,-175.79
-163.99,7.0893,-175.6
-163.33,7.7569,-175.4
-162.69,8.4568,-175.16
-162.1,9.2624,-174.87
-161.56,10.149,-174.55
-161.29,11.288,-174.1
-161.27,12.623,-173.43
-161.47,14.028,-172.44
-161.35,14.966,-171.39
-160.63,15.146,-170.51
-160.09,15.319,-169.49
-159.78,15.675,-168.32
-159.48,16.099,-167.09
-159.08,16.492,-165.88
-158.6,16.815,-164.73
-158.07,17.066,-163.7
-157.58,17.329,-162.76
-157.23,17.714,-161.89
-156.91,18.116,-161.2
-156.5,18.484,-160.74
-155.94,18.762,-160.52
-155.49,19.026,-160.44
-155.36,19.311,-160.38
-155.39,19.464,-160.41
-155.53,19.522,-160.49
-155.66,19.535,-160.62
-155.62,19.503,-160.84
-155.27,19.394,-161.19
-154.74,19.343,-161.57
-154.21,19.426,-161.74
-153.56,19.433,-161.74
-152.96,19.475,-161.73
-152.47,19.643,-161.77
-152,19.813,-161.8
-151.55,19.968,-161.78
-151.09,20.14,-161.76
-150.6,20.371,-161.69
-150.04,20.622,-161.55
-149.38,20.827,-161.45
-148.62,21.023,-161.38
-147.81,21.249,-161.28
-146.95,21.485,-161.15
-146.06,21.737,-160.96
-145.17,22.033,-160.74
-144.31,22.415,-160.46
-143.44,22.896,-160.12
-142.56,23.445,-159.72
-141.8,24.155,-159.31
-141.05,24.963,-158.96
-140.17,25.728,-158.65
-139.09,26.447,-158.35
-137.82,27.167,-158.06
-136.45,27.907,-157.76
-135.09,28.675,-157.47
-133.78,29.514,-157.13
-132.4,30.444,-156.73
-130.88,31.382,-156.27
-129.34,32.296,-155.76
-127.94,33.199,-155.19
-126.75,34.099,-154.56
-125.59,35.013,-153.81
-124.24,35.92,-152.9
-122.54,36.806,-151.82
-120.63,37.598,-150.68
-118.84,38.346,-149.5
-117.4,39.083,-148.35
-116.05,39.806,-147.04
-115.1,40.37,-145.97
-114.56,40.812,-145.23
-114.02,41.235,-144.43
-113.87,41.461,-143.94
-113.7,41.548,-143.43
-113.55,41.599,-143.01
-113.51,41.728,-142.75
-113.27,41.952,-142.42
-112.99,42.226,-142.15
-112.65,42.536,-141.9
-112.28,42.903,-141.71
-111.94,43.253,-141.58
-111.65,43.538,-141.45
-111.42,43.74,-141.34
-111.18,43.935,-141.19
-110.88,44.158,-141.01
-110.55,44.396,-140.83
-110.31,44.6,-140.72
-110.13,44.739,-140.65
-109.99,44.818,-140.6
-109.89,44.866,-140.59
-109.85,44.93,-140.63
-109.82,45.023,-140.68
-109.71,45.155,-140.67
-109.6,45.292,-140.64
-109.56,45.397,-140.65
-109.56,45.468,-140.69
-109.6,45.51,-140.77
-109.72,45.519,-140.89
-109.82,45.529,-140.99
-109.8,45.562,-141
-109.67,45.624,-140.94
-109.6,45.687,-140.91
-109.64,45.714,-140.98
-109.67,45.726,-141.04
-109.61,45.734,-141.04
-109.54,45.73,-141.02
-109.51,45.709,-141.03
-109.48,45.705,-141.05
-109.4,45.727,-141.03
-109.32,45.778,-141.02
-109.25,45.865,-141.02
-109.19,45.967,-141.03
-109.12,46.067,-141.03
-109.06,46.151,-141.02
-109.02,46.215,-141.03
-108.99,46.262,-141.04
-108.94,46.303,-141.02
-108.89,46.347,-141
-108.84,46.408,-140.99
-108.77,46.486,-140.96
-108.67,46.57,-140.9
-108.59,46.639,-140.88
-108.56,46.678,-140.9
-108.52,46.698,-140.92
-108.49,46.698,-140.93
-108.53,46.688,-141.01
-108.62,46.686,-141.11
-108.63,46.71,-141.16
-108.59,46.76,-141.17
-108.56,46.812,-141.19
-108.57,46.868,-141.25
-108.57,46.938,-141.31
-108.54,47.013,-141.36
-108.5,47.074,-141.41
-108.46,47.139,-141.44
-108.4,47.203,-141.45
-108.35,47.271,-141.46
-108.3,47.341,-141.46
-108.24,47.399,-141.44
-108.2,47.451,-141.44
-108.16,47.504,-141.44
-108.09,47.564,-141.4
-108,47.622,-141.37
-107.93,47.689,-141.35
-107.88,47.76,-141.36
-107.82,47.821,-141.35
-107.75,47.868,-141.33
-107.69,47.884,-141.3
-107.64,47.888,-141.29
-107.59,47.893,-141.26
-107.5,47.9,-141.21
-107.41,47.908,-141.14
-107.32,47.905,-141.07
-107.24,47.903,-141
-107.16,47.916,-140.94
-107.11,47.947,-140.9
-107.07,47.983,-140.88
-107,48.036,-140.84
-106.93,48.116,-140.8
-106.83,48.213,-140.75
-106.72,48.316,-140.68
-106.65,48.415,-140.63
-106.59,48.506,-140.59
-106.5,48.591,-140.53
-106.42,48.704,-140.46
-106.32,48.826,-140.36
-106.19,48.925,-140.26
-106.13,49.005,-140.2
-106.1,49.079,-140.17
-106.04,49.156,-140.13
-105.97,49.241,-140.1
-105.89,49.336,-140.08
-105.79,49.438,-140.08
-105.69,49.55,-140.08
-105.61,49.671,-140.09
-105.52,49.793,-140.08
-105.41,49.921,-140.04
-105.33,50.031,-140.02
-105.27,50.126,-139.98
-105.17,50.223,-139.92
-105.08,50.331,-139.87
-104.99,50.436,-139.83
-104.93,50.482,-139.84
-104.95,50.487,-139.89
-104.99,50.489,-139.96
-105.03,50.489,-140.04
-105.06,50.495,-140.11
-105.12,50.51,-140.2
-105.18,50.528,-140.28
-105.22,50.537,-140.36
-105.29,50.546,-140.47
-105.43,50.57,-140.62
-105.62,50.607,-140.81
-105.82,50.643,-140.99
-106.05,50.659,-141.2
-106.39,50.657,-141.49
-106.85,50.648,-141.87
-107.31,50.639,-142.26
-107.79,50.628,-142.66
-108.39,50.612,-143.15
-109.2,50.571,-143.8
-110.16,50.503,-144.56
-111.16,50.4,-145.36
-112.28,50.262,-146.24
-113.71,50.057,-147.36
-115.54,49.742,-148.79
-117.78,49.277,-150.52
-120.33,48.666,-152.46
-122.78,48.034,-154.31
-124.83,47.462,-155.87
-126.65,46.928,-157.25
-128.59,46.316,-158.7
-130.89,45.505,-160.38
-133.6,44.39,-162.33
-136.64,42.97,-164.47
-139.76,41.376,-166.6
-142.67,39.748,-168.57
-145.26,38.16,-170.77
-147.65,36.56,-171.15
-149.95,34.849,-174.78
-152.17,33.041,-172.2
-154.24,31.245,-179.74
-156.17,29.5,-170.77
-158.04,27.768,-187.37
-159.86,26.029,-162.96
-161.54,24.31,-210.45
-163.1,22.595,21.599
-164.6,20.913,210.5
-165.94,19.439,163.3
-166.91,18.298,188.24
-167.65,17.406,172.36
-168.3,16.636,182.19
-168.88,15.951,175.67
-169.38,15.349,179.43
-169.84,14.776,177.09
-170.36,14.155,178.11
-170.99,13.428,177.47
-171.68,12.62,177.31
-172.37,11.775,177.15
-173.49,10.927,177.02
-173.06,10.077,176.89
-175.76,9.1826,176.77
-172.86,8.1978,176.63
-179.52,7.1052,176.47
-171.08,5.9731,176.32
-186.29,4.8488,176.19
-163.79,3.6896,176.07
-207.58,2.4674,175.97
-49.845,1.2063,175.88
207.32,-0.07943,175.81
164.19,-1.3677,175.73
186.47,-2.606,175.67
171.44,-3.7456,175.62
179.97,-4.7996,175.59
173.5,-5.8394,175.57
176.39,-6.9118,175.55
173.7,-7.9747,175.55
174.21,-8.9182,175.55
173.4,-9.6498,175.54
173.23,-10.13,175.5
173.23,-10.399,175.45
173.31,-10.561,175.4
173.37,-10.741,175.35
173.41,-10.962,175.3
173.45,-11.201,175.25
173.46,-11.438,175.21
173.48,-11.663,175.16
173.51,-11.872,175.11
173.54,-12.072,175.05
173.61,-12.254,175
173.74,-12.392,174.94
173.94,-12.429,174.88
174.18,-12.424,174.82
174.38,-12.464,174.77
174.57,-12.527,174.72
174.78,-12.556,174.66
174.98,-12.599,174.61
175.2,-12.614,174.55
175.38,-12.656,174.5
175.51,-12.769,174.44
175.61,-12.926,174.38
175.69,-13.091,174.32
175.8,-13.227,174.26
175.95,-13.261,174.2
176.14,-13.237,174.15
176.38,-13.196,174.09
176.6,-13.137,174.03
176.77,-13.145,173.97
176.89,-13.204,173.9
177.03,-13.234,173.84
177.21,-13.247,173.79
177.42,-13.177,173.75
177.61,-13.067,173.7
177.71,-12.99,173.66
177.78,-12.993,173.62
177.88,-13.042,173.57
178.02,-13.046,173.53
178.16,-12.912,173.49
178.32,-12.742,173.45
178.44,-12.62,173.41
178.51,-12.53,173.38
178.56,-12.5,173.35
178.62,-12.558,173.33
178.69,-12.632,173.32
178.69,-12.687,173.31
178.68,-12.744,173.3
178.67,-12.764,173.29
178.65,-12.771,173.28
178.66,-12.662,173.28
178.67,-12.674,173.28
178.69,-12.76,173.26
178.63,-12.805,173.25
178.57,-12.86,173.25
178.57,-12.825,173.23
178.52,-12.751,173.22
178.54,-12.821,173.19
178.53,-12.889,173.17
178.48,-12.905,173.15
178.53,-12.896,173.12
178.58,-12.877,173.1
178.59,-12.846,173.08
178.64,-12.862,173.05
178.72,-12.813,173.01
178.79,-12.716,173
178.83,-12.666,173
178.88,-12.561,172.99
178.87,-12.441,173.01
178.82,-12.303,173.01
178.67,-12.218,173
178.45,-12.165,172.94
178.22,-12.062,172.84
178.05,-11.883,172.7
177.98,-11.666,172.56
177.94,-11.471,172.43
177.89,-11.324,172.3
177.82,-11.249,172.18
177.72,-11.146,172.04
177.59,-11.057,171.9
177.47,-10.973,171.74
177.4,-10.89,171.59
177.34,-10.764,171.45
177.31,-10.599,171.34
177.33,-10.461,171.25
177.34,-10.365,171.19
177.35,-10.419,171.14
177.35,-10.462,171.09
177.38,-10.551,171.06
177.44,-10.623,171.03
177.5,-10.7,171.01
177.53,-10.775,171
177.58,-10.887,170.99
177.57,-10.988,170.98
177.52,-11.074,170.98
177.46,-11.135,170.98
177.41,-11.128,170.97
177.38,-11.14,170.95
177.35,-11.105,170.93
177.33,-11.019,170.9
177.29,-11.011,170.87
177.26,-10.988,170.85
177.23,-10.944,170.84
177.19,-10.911,170.83
177.15,-10.869,170.83
177.18,-10.824,170.83
177.49,-10.836,170.81
177.7,-10.933,170.83
177.64,-11.126,170.84
177.73,-11.162,170.8
177.7,-11.231,170.8
177.73,-11.194,170.78
177.74,-11.167,170.77
177.71,-11.227,170.78
177.68,-11.288,170.78
177.69,-11.285,170.79
177.72,-11.257,170.8
177.73,-11.273,170.83
177.7,-11.25,170.84
177.62,-11.299,170.85
177.63,-11.335,170.85
177.61,-11.327,170.83
177.59,-11.312,170.83
177.64,-11.232,170.81
177.74,-11.153,170.79
177.76,-11.097,170.78
177.83,-11.14,170.75
177.64,-11.366,170.77
177.19,-11.707,170.95
176.81,-12.016,171.13
176.62,-12.269,171.25
176.7,-12.237,171.3
176.91,-12.017,171.3
177.1,-11.706,171.24
177.17,-11.521,171.17
177.13,-11.553,171.11
177.02,-11.652,171.06
176.95,-11.778,171.04
176.91,-11.76,171.03
176.88,-11.721,171.05
176.87,-11.717,171.09
176.86,-11.692,171.14
176.85,-11.673,171.19
176.86,-11.612,171.25
176.91,-11.611,171.3
177,-11.62,171.35
177.1,-11.618,171.4
177.23,-11.699,171.44
177.38,-11.737,171.47
177.56,-11.776,171.48
177.75,-11.884,171.46
177.9,-11.947,171.45
178.1,-12.026,171.41
178.3,-12.059,171.36
178.44,-12.112,171.31
178.56,-12.112,171.26
178.68,-12.092,171.21
178.74,-12.143,171.17
178.8,-12.186,171.12
178.81,-12.204,171.08
178.81,-12.229,171.02
178.79,-12.198,170.97
178.76,-12.194,170.9
178.6,-12.345,170.82
178.42,-12.506,170.81
178.33,-12.619,170.84
178.31,-12.637,170.92
178.4,-12.576,171
178.55,-12.425,171.07
178.69,-12.327,171.14
178.83,-12.254,171.18
178.95,-12.192,171.19
179.02,-12.168,171.17
178.96,-12.157,171.16
178.86,-12.25,171.14
178.78,-12.321,171.12
178.65,-12.324,171.13
178.57,-12.342,171.15
178.54,-12.451,171.17
178.49,-12.517,171.21
178.45,-12.618,171.25
178.43,-12.743,171.31
178.4,-12.798,171.41
178.34,-12.831,171.54
178.32,-12.855,171.69
178.34,-12.951,171.84
178.35,-13.21,171.99
178.49,-13.161,172.17
178.7,-13.064,172.37
178.82,-12.93,172.6
178.88,-12.773,172.86
178.87,-12.604,173.13
178.74,-12.451,173.39
178.5,-12.524,173.68
178.23,-12.559,174.01
177.95,-12.578,174.51
177.66,-12.525,174.91
177.39,-12.443,175.28
177.2,-12.431,175.98
177.04,-12.48,176.02
176.93,-12.573,177.47
176.89,-12.61,176.7
176.88,-12.673,179.41
176.91,-12.76,177.84
176.96,-12.813,173.52
176.97,-12.95,-137.13
176.99,-13.097,-189.38
177.05,-13.238,-172.83
177.11,-13.371,-180.11
177.17,-13.482,-174.05
177.21,-13.547,-176.26
177.2,-13.58,-173.07
177.15,-13.61,-173.25
177.06,-13.588,-171.31
176.95,-13.586,-170.54
176.81,-13.581,-169.09
176.63,-13.582,-167.87
176.4,-13.551,-166.66
176.14,-13.513,-165.44
175.87,-13.473,-164.22
175.63,-13.404,-162.99
175.42,-13.347,-161.77
175.23,-13.279,-160.54
175.06,-13.204,-159.32
174.92,-13.104,-158.1
174.8,-12.986,-156.88
174.66,-12.805,-155.68
174.52,-12.613,-154.48
174.34,-12.375,-153.27
174.13,-12.076,-152.06
173.92,-11.784,-150.84
173.73,-11.482,-149.62
173.57,-11.189,-148.41
173.44,-10.911,-147.21
173.32,-10.622,-146.04
173.21,-10.281,-144.88
173.1,-9.9222,-143.74
172.98,-9.5023,-142.62
172.88,-9.0727,-141.52
172.83,-8.645,-140.44
172.81,-8.1982,-139.39
172.83,-7.7599,-138.37
172.88,-7.3055,-137.38
172.91,-6.8483,-136.42
172.96,-6.4087,-135.49
173,-5.9627,-134.58
173.02,-5.5372,-133.68
173.02,-5.0941,-132.78
173.02,-4.6609,-131.89
173.03,-4.2371,-131
173.05,-3.8082,-130.09
173.08,-3.3928,-129.17
173.1,-2.9554,-128.25
173.13,-2.5733,-127.3
173.16,-2.2227,-126.35
173.18,-1.8886,-125.41
173.21,-1.5785,-124.46
173.23,-1.2314,-123.51
173.2,-0.90023,-122.56
173.15,-0.46963,-121.64
173.11,-0.047437,-120.71
173.06,0.3791,-119.79
173.04,0.83332,-118.88
173.03,1.38,-118
173.02,1.9162,-117.16
173.04,2.4902,-116.33
173.07,3.0604,-115.53
173.08,3.5725,-114.74
173.08,4.0865,-113.99
173.07,4.6215,-113.28
173.04,5.1384,-112.6
173.02,5.6204,-111.93
172.98,6.0541,-111.28
172.99,6.5112,-110.66
173,6.9081,-110.05
173.04,7.2162,-109.45
173.12,7.5883,-108.86
173.29,7.9612,-108.26
173.48,8.3131,-107.65
173.69,8.6175,-107.03
173.9,8.9192,-106.4
174.1,9.2037,-105.75
174.24,9.4818,-105.07
174.36,9.7303,-104.33
174.44,9.9263,-103.55
174.52,10.081,-102.7
174.58,10.231,-101.8
174.64,10.375,-100.84
174.7,10.507,-99.855
174.78,10.675,-98.844
174.89,10.919,-97.837
175.05,11.192,-96.843
175.23,11.529,-95.877
175.42,11.895,-94.932
175.59,12.269,-94.012
175.76,12.676,-93.1
175.91,13.088,-92.189
176.03,13.469,-91.278
176.1,13.835,-90.355
176.16,14.234,-89.441
176.66,14.627,-88.525
175.86,15.029,-87.606
177.83,15.481,-86.69
174.99,15.933,-85.781
180.39,16.39,-84.874
172.88,16.865,-83.957
185.82,17.376,-83.033
166.38,17.916,-82.108
203.85,18.472,-81.182
77.205,19.031,-80.266
-201.66,19.602,-79.371
-167.23,20.173,-78.497
-185.84,20.737,-77.645
-173.36,21.337,-76.81
-180.42,22.001,-76.013
-174.86,22.746,-75.243
-177.11,23.565,-74.516
-174.75,24.399,-73.818
-175.03,25.244,-73.158
-174.16,26.081,-72.519
-173.67,26.916,-71.889
-173.24,27.748,-71.289
-172.81,28.568,-70.715
-172.31,29.413,-70.144
-171.72,30.287,-69.594
-171.06,31.17,-69.058
-170.43,32.036,-68.522
-169.91,32.86,-67.995
-169.48,33.662,-67.482
-169.1,34.412,-66.97
-168.78,35.095,-66.461
-168.48,35.727,-65.934
-168.18,36.33,-65.4
-167.82,36.939,-64.851
-167.34,37.55,-64.271
-166.8,38.156,-63.659
-166.2,38.74,-63.01
-165.61,39.303,-62.334
-165.05,39.833,-61.632
-164.53,40.333,-60.907
-164.01,40.816,-60.152
-163.47,41.294,-59.372
-162.88,41.763,-58.566
-162.24,42.222,-57.717
-161.55,42.698,-56.826
-160.8,43.164,-55.888
-159.97,43.635,-54.873
-159.06,44.146,-53.806
-158.13,44.651,-52.698
-157.19,45.165,-51.549
-156.25,45.675,-50.378
-155.27,46.171,-49.161
-154.2,46.661,-47.894
-153.01,47.158,-46.583
-151.69,47.681,-45.203
-150.23,48.22,-43.782
-148.67,48.771,-42.326
-147.03,49.327,-40.828
-145.41,49.866,-39.334
-143.95,50.363,-37.891
-142.63,50.815,-36.49
-141.39,51.222,-35.104
-140.17,51.582,-33.725
-138.92,51.911,-32.358
-137.66,52.182,-31.023
-136.36,52.422,-29.723
-135.05,52.637,-28.467
-133.79,52.81,-27.274
-132.59,52.952,-26.132
-131.47,53.056,-25.026
-130.43,53.125,-23.96
-129.47,53.172,-22.944
-128.55,53.202,-21.95
-127.67,53.21,-20.965
-126.78,53.197,-19.965
-125.91,53.185,-18.967
-125.05,53.171,-17.97
-124.18,53.145,-16.974
-123.32,53.11,-15.98
-122.41,53.079,-14.946
-121.54,53.056,-13.911
-120.79,53.04,-12.935
-120.11,53.03,-11.98
-119.46,53.015,-11.022
-118.78,53,-10.04
-118.06,52.998,-9.0373
-117.34,53.029,-8.0644
-116.65,53.095,-7.1476
-115.95,53.173,-6.2654
-115.25,53.247,-5.4063
-114.55,53.306,-4.5754
-113.9,53.337,-3.7926
-113.3,53.337,-3.0778
-112.72,53.33,-2.4179
-112.17,53.328,-1.7948
-111.69,53.332,-1.2311
-111.25,53.315,-0.72512
-110.85,53.258,-0.25675
-110.51,53.159,0.16931
-110.21,53.028,0.55018
-109.97,52.888,0.87579
-109.74,52.755,1.1614
-109.49,52.632,1.4115
-109.2,52.502,1.6628
-108.92,52.388,1.8871
-108.68,52.285,2.0639
-108.49,52.184,2.192
-108.37,52.085,2.28
-108.23,51.99,2.3888
-108.09,51.914,2.4943
-107.99,51.861,2.5644
-107.89,51.809,2.6287
-107.78,51.762,2.7089
-107.68,51.731,2.7957
-107.62,51.717,2.8589
-107.55,51.705,2.905
-107.42,51.692,2.9893
-107.27,51.682,3.106
-107.12,51.68,3.2605
-106.99,51.714,3.4245
-106.86,51.77,3.5974
-106.77,51.825,3.7739
-106.79,51.874,3.8966
-106.93,51.923,3.969
-107.08,51.979,4.0523
-107.17,52.057,4.1595
-107.21,52.144,4.2813
-107.15,52.215,4.4319
-107.03,52.263,4.6133
-106.86,52.286,4.8349
-106.69,52.282,5.0722
-106.54,52.251,5.3321
-106.4,52.193,5.6148
-106.32,52.112,5.8759
-106.21,52.021,6.1566
-106.1,51.931,6.4254
-106.01,51.843,6.6746
-105.91,51.751,6.9049
-105.77,51.658,7.1427
-105.61,51.557,7.4003
-105.46,51.445,7.6494
-105.35,51.342,7.8807
-105.22,51.25,8.1324
-105.07,51.161,8.4078
-104.93,51.073,8.6829
-104.8,50.998,8.9611
-104.71,50.941,9.237
-104.67,50.88,9.4796
-104.66,50.826,9.6912
-104.64,50.785,9.8939
-104.6,50.754,10.094
-104.55,50.732,10.283
-104.53,50.712,10.453
-104.51,50.69,10.618
-104.48,50.668,10.79
-104.44,50.648,10.983
-104.37,50.62,11.208
-104.27,50.594,11.475
-104.19,50.569,11.738
-104.14,50.539,11.982
-104.1,50.509,12.215
-104.03,50.477,12.462
-103.92,50.432,12.726
-103.8,50.374,13
-103.69,50.312,13.259
-103.59,50.246,13.501
-103.53,50.181,13.721
-103.46,50.124,13.933
-103.38,50.073,14.158
-103.28,50.031,14.385
-103.21,49.995,14.592
-103.16,49.955,14.789
-103.09,49.918,15.003
-103.01,49.882,15.228
-102.92,49.833,15.457
-102.83,49.781,15.688
-102.74,49.722,15.922
-102.64,49.652,16.156
-102.55,49.582,16.389
-102.47,49.515,16.628
-102.38,49.446,16.861
-102.29,49.378,17.109
-102.2,49.312,17.361
-102.13,49.243,17.612
-102.04,49.176,17.873
-101.95,49.109,18.133
-101.88,49.046,18.379
-101.79,48.995,18.627
-101.7,48.94,18.878
-101.62,48.87,19.112
-101.53,48.799,19.348
-101.46,48.728,19.565
-101.36,48.66,19.789
-101.24,48.588,20.027
-101.14,48.519,20.255
-101.06,48.459,20.462
-101.01,48.398,20.656
-100.97,48.336,20.832
-100.95,48.272,20.995
-100.91,48.21,21.157
-100.87,48.159,21.307
-100.82,48.113,21.473
-100.75,48.067,21.649
-100.66,48.023,21.836
-100.57,47.98,22.038
-100.51,47.934,22.229
-100.48,47.881,22.403
-100.46,47.82,22.593
-100.42,47.76,22.799
-100.38,47.713,22.999
-100.32,47.658,23.204
-100.27,47.594,23.393
-100.21,47.519,23.576
-100.14,47.438,23.761
-100.06,47.359,23.945
-99.994,47.289,24.114
-99.952,47.225,24.261
-99.922,47.17,24.39
-99.905,47.121,24.518
-99.901,47.085,24.643
-99.92,47.062,24.764
-99.955,47.053,24.883
-99.989,47.053,24.999
-100.02,47.051,25.114
-100.03,47.049,25.24
-100.01,47.04,25.397
-99.979,47.02,25.549
-99.957,46.987,25.693
-99.944,46.94,25.827
-99.927,46.882,25.956
-99.887,46.817,26.092
-99.823,46.751,26.231
-99.749,46.698,26.377
-99.675,46.65,26.528
-99.597,46.596,26.691
-99.527,46.549,26.867
-99.484,46.491,27.044
-99.458,46.427,27.225
-99.416,46.354,27.426
-99.369,46.278,27.635
-99.324,46.204,27.844
-99.268,46.131,28.053
-99.196,46.049,28.263
-99.114,45.956,28.475
-99.02,45.865,28.685
-98.932,45.788,28.892
-98.863,45.713,29.101
-98.81,45.642,29.302
-98.782,45.57,29.489
-98.743,45.49,29.692
-98.701,45.399,29.897
-98.658,45.3,30.108
-98.628,45.187,30.312
-98.665,45.063,30.483
-98.79,44.947,30.617
-98.98,44.831,30.729
-99.219,44.719,30.822
-99.439,44.596,30.918
-99.564,44.5,31.051
-99.573,44.466,31.186
-99.496,44.489,31.266
-99.403,44.571,31.292
-99.306,44.652,31.31
-99.158,44.578,31.37
-98.992,44.328,31.457
-98.843,43.95,31.584
-98.75,43.518,31.737
-98.735,43.107,31.879
-98.751,42.772,32.011
-98.764,42.539,32.124
-98.77,42.409,32.203
-98.782,42.376,32.262
-98.782,42.423,32.382
-98.752,42.518,32.609
-98.684,42.619,32.895
-98.569,42.703,33.17
-98.409,42.758,33.408
-98.232,42.773,33.618
-98.062,42.752,33.849
-97.909,42.703,34.125
-97.787,42.637,34.409
-97.707,42.565,34.661
-97.66,42.492,34.874
-97.625,42.415,35.066
-97.631,42.339,35.227
-97.673,42.251,35.366
-97.734,42.156,35.503
-97.8,42.062,35.655
-97.86,41.972,35.816
-97.906,41.891,35.955
-97.917,41.802,36.102
-97.896,41.711,36.275
-97.841,41.611,36.483
-97.776,41.491,36.72
-97.717,41.354,36.965
-97.661,41.218,37.196
-97.6,41.105,37.408
-97.53,41.022,37.6
-97.445,40.964,37.795
-97.365,40.93,38.01
-97.308,40.902,38.221
-97.28,40.868,38.417
-97.245,40.831,38.609
-97.203,40.795,38.773
-97.151,40.747,38.927
-97.086,40.69,39.099
-97.015,40.623,39.293
-96.948,40.55,39.501
-96.905,40.467,39.703
-96.877,40.392,39.873
-96.859,40.309,40
-96.861,40.213,40.111
-96.878,40.119,40.237
-96.914,40.014,40.377
-96.965,39.907,40.508
-97.022,39.801,40.606
-97.072,39.725,40.713
-96.98,39.735,41.04
-96.856,39.781,41.243
-96.665,39.773,41.342
-96.477,39.632,41.525
-96.32,39.373,41.742
-96.122,39.034,41.976
-95.954,38.719,42.214
-95.904,38.441,42.52
-95.935,38.118,42.889
-95.924,37.774,43.238
-95.761,37.397,43.578
-95.486,37.001,43.986
-95.162,36.571,44.486
-94.857,36.03,44.951
-94.485,35.339,45.311
-94.11,34.294,45.628
-93.882,32.615,46.069
-93.841,30.844,46.593
-93.949,29.46,47.037
-94.054,28.522,47.418
-94.078,27.769,47.744
-93.977,26.904,48.065
-93.802,25.788,48.346
-93.555,24.418,48.689
-93.263,22.887,49.098
-93.008,21.352,49.491
-92.828,19.965,49.824
-92.721,18.694,50.137
-92.651,17.372,50.501
-92.612,15.827,50.901
-92.599,13.907,51.335
-92.63,11.739,51.765
-92.727,9.6104,52.206
-92.883,7.6679,52.652
-93.063,5.8276,53.1
-93.249,3.9831,53.543
-93.447,2.0806,53.933
-93.696,0.15396,54.296
-94.056,-1.7662,54.658
-94.506,-3.6939,55.054
-94.973,-5.5566,55.462
-95.406,-7.3233,55.897
-95.8,-9,56.318
-96.147,-10.649,56.684
-96.416,-12.31,56.981
-96.612,-14.049,57.211
-96.871,-15.825,57.464
-97.186,-17.666,57.666
-97.577,-19.545,57.861
-97.983,-21.451,58.186
-98.418,-22.999,58.468
-98.814,-24.468,58.781
-99.105,-26.109,59.058
-99.397,-27.973,59.342
-99.736,-30.036,59.699
-100.17,-31.827,60.104
-100.75,-33.228,60.564
-101.48,-34.423,61.081
-102.29,-35.623,61.574
-103.13,-36.972,62.045
-103.99,-38.415,62.545
-104.83,-39.889,63.088
-105.71,-41.253,63.702
-106.59,-42.503,64.282
-107.51,-43.727,64.817
-108.53,-44.981,65.401
-109.64,-46.273,66.08
-110.78,-47.596,66.848
-111.87,-48.981,67.617
-112.94,-50.519,68.436
-114.03,-52.241,69.333
-115.07,-54.001,70.211
-116.14,-55.734,71.175
-117.28,-57.511,72.261
-118.55,-59.382,73.534
-119.88,-61.294,74.912
-121.28,-63.225,76.376
-122.89,-65.177,78.122
-124.64,-67.101,80.05
-126.48,-68.824,82.119
-128.38,-70.235,84.306
-130.42,-71.341,86.667
-132.8,-72.285,89.399
-135.89,-73.145,92.357
-137.42,-73.874,95.342
-142.79,-74.604,98.75
-143.06,-75.413,103.12
-154.8,-76.264,108.7
-151.25,-76.979,115.43
-173.51,-77.301,122.35
-154.16,-77.237,128.54
-206.31,-76.867,134.2
21.506,-76.264,139.27
206.98,-75.546,143.39
156.73,-74.806,147.04
178.17,-74.035,151.09
158.48,-73.098,155.49
165.3,-71.983,159
157.22,-70.83,160.89
160.79,-69.677,161.32
159.07,-68.459,160.96
161.09,-67.204,160.34
161.61,-65.987,159.67
162.3,-64.812,159.36
162.39,-63.603,159.65
162.09,-62.337,160.25
161.79,-61.098,160.72
161.66,-59.917,160.95
161.59,-58.746,161.19
161.44,-57.623,161.56
161.17,-56.564,162.07
160.77,-55.536,162.75
160.36,-54.533,163.48
160.07,-53.539,164.09
160,-52.574,164.44
160.16,-51.664,164.56
160.45,-50.837,164.59
160.76,-50.094,164.68
160.93,-49.393,164.95
160.96,-48.706,165.35
161.01,-48.056,165.69
161.21,-47.435,165.82
161.63,-46.823,165.71
162.22,-46.288,165.43
162.85,-45.831,165.12
163.36,-45.403,164.95
163.73,-44.966,164.9
163.86,-44.552,164.88
162.83,-44.095,165.35
161.06,-43.474,166.02
159.31,-42.924,166.38
157.99,-42.221,166.44
157.82,-41.496,166.66
158.96,-41.273,166.99
160.83,-41.256,167.22
162.69,-41.172,167.39
164.33,-40.906,167.45
165.69,-40.499,167.58
166.85,-39.97,167.81
167.9,-39.33,168.03
168.93,-38.637,168.28
169.8,-38.073,168.65
170.14,-37.214,168.99
169.91,-35.671,169.33
169.36,-33.645,169.68
168.72,-31.59,170.23
168.32,-29.949,171.07
168.5,-28.867,172.46
169.24,-28.249,172.18
170.15,-27.868,175.09
170.76,-27.465,172.05
170.95,-26.795,178.95
170.88,-25.927,170.06
170.74,-25.078,186.07
170.67,-24.387,162.71
170.8,-23.951,208.84
171.15,-23.752,-35.734
171.53,-23.647,-208.56
171.79,-23.536,-161.89
171.84,-23.394,-184.7
171.58,-23.315,-167.74
171.18,-23.298,-175.51
170.92,-23.3,-167.36
170.93,-23.321,-169.17
171.04,-23.27,-165.02
171.12,-23.14,-164.14
171.25,-22.838,-161.78
171.25,-22.382,-159.99
171.08,-21.7,-158.27
170.88,-20.867,-156.64
170.69,-20.086,-155
170.5,-19.363,-153.24
170.36,-18.711,-151.35
170.34,-18.147,-149.41
170.33,-17.694,-147.47
170.29,-17.348,-145.51
170.31,-17.117,-143.55
170.42,-16.962,-141.63
170.6,-16.846,-139.82
170.76,-16.708,-138.15
170.79,-16.552,-136.61
170.7,-16.416,-135.14
170.53,-16.302,-133.73
170.36,-16.062,-132.36
170.28,-15.769,-131
170.27,-15.42,-129.62
170.27,-15.114,-128.19
170.16,-14.982,-126.76
170.04,-14.932,-125.42
169.9,-14.918,-124.19
169.77,-14.869,-123.09
169.67,-14.658,-122.09
169.53,-14.186,-121.18
169.3,-13.705,-120.23
169.1,-13.304,-119.26
169,-12.993,-118.33
168.91,-12.648,-117.48
168.84,-12.285,-116.57
169.09,-12.175,-115.7
169.46,-12.031,-114.93
170.07,-11.994,-114.11
170.67,-12.081,-113.31
170.89,-11.894,-112.7
170.99,-11.584,-112.05
170.94,-11.58,-111.3
170.92,-11.94,-110.57
170.9,-12.551,-109.84
170.83,-13.32,-109.06
170.73,-14.14,-108.21
170.64,-14.892,-107.34
170.64,-15.659,-106.49
170.59,-16.387,-105.65
170.5,-16.925,-104.75
170.68,-16.999,-103.84
171.18,-16.401,-102.91
171.91,-15.279,-101.92
172.47,-14.155,-100.9
172.62,-13.37,-99.841
172.38,-12.847,-98.805
171.96,-12.35,-97.809
171.52,-11.719,-96.86
171.12,-10.997,-95.96
170.71,-10.255,-95.094
170.29,-9.4922,-94.25
169.99,-8.7578,-93.432
169.72,-8.0297,-92.598
169.56,-7.3363,-91.741
169.55,-6.7374,-90.892
169.59,-6.2512,-90.036
169.77,-5.8467,-89.15
170.02,-5.4874,-88.258
170.23,-5.1717,-87.347
170.45,-4.9033,-86.428
170.65,-4.7722,-85.498
170.77,-4.7259,-84.571
170.88,-4.7389,-83.628
171.04,-4.8018,-82.674
171.25,-4.6942,-81.716
171.48,-4.4569,-80.748
171.65,-4.1904,-79.772
171.8,-4.02,-78.809
171.87,-3.8465,-77.877
171.9,-3.5612,-76.974
171.91,-3.0329,-76.143
172.03,-2.3788,-75.357
172.19,-1.7495,-74.6
172.19,-1.2116,-73.898
172.07,-0.85275,-73.245
171.97,-0.60806,-72.654
171.9,-0.32022,-72.106
171.84,0.028092,-71.574
171.91,0.33782,-71.045
172.01,0.58642,-70.524
172.2,0.72732,-70.048
172.43,0.92382,-69.629
172.7,0.99779,-69.235
172.94,0.93524,-68.905
173.16,0.81214,-68.625
173.39,0.67541,-68.401
173.63,0.58612,-68.224
173.77,0.40315,-68.053
173.82,0.25739,-67.942
173.73,0.099897,-67.835
173.66,-0.14252,-67.751
173.7,-0.23023,-67.672
173.62,-0.29783,-67.603
173.49,-0.43117,-67.537
173.4,-0.54667,-67.494
173.39,-0.61499,-67.503
173.47,-0.66257,-67.587
173.47,-0.73553,-67.674
173.55,-0.74435,-67.726
173.83,-0.64901,-67.749
174.05,-0.63706,-67.795
174.21,-0.55198,-67.823
174.28,-0.37694,-67.877
174.3,-0.2887,-67.926
174.31,-0.17142,-67.978
174.17,-0.25465,-68.051
174.08,-0.29515,-68.133
173.93,-0.31306,-68.198
173.81,-0.17879,-68.27
173.77,-0.095721,-68.381
173.74,-0.11225,-68.533
173.7,0.0044552,-68.664
173.61,0.07423,-68.796
173.53,0.045021,-68.938
173.53,0.17871,-69.054
173.51,0.22255,-69.18
173.48,0.25113,-69.306
173.49,0.39734,-69.419
173.49,0.30703,-69.564
173.49,0.34001,-69.712
173.44,0.2552,-69.763
173.4,0.20885,-69.827
173.41,0.27835,-69.954
173.37,0.26204,-70.077
173.3,0.46155,-70.178
173.28,0.62651,-70.258
173.25,0.78641,-70.367
173.19,0.88835,-70.502
173.12,0.99376,-70.65
173.07,0.959,-70.79
173.03,0.82864,-70.929
172.98,0.85749,-71.092
172.93,0.88633,-71.245
172.92,0.88271,-71.42
172.89,0.7725,-71.535
172.88,0.60872,-71.636
172.85,0.4599,-71.74
172.87,0.43445,-71.883
172.92,0.51616,-72.05
172.94,0.62969,-72.173
172.98,0.79812,-72.289
173.04,0.79225,-72.431
173.06,0.68948,-72.546
173.1,0.67748,-72.708
173.13,0.67423,-72.876
173.13,0.54343,-73.006
173.08,0.51836,-73.15
173.08,0.41776,-73.307
173.07,0.25424,-73.463
173.04,0.32038,-73.622
173.09,0.27724,-73.742
173.12,0.076399,-73.823
173.17,-0.015769,-73.965
173.23,-0.1601,-74.076
173.3,-0.25601,-74.202
173.33,-0.41414,-74.3
173.35,-0.57764,-74.363
173.4,-0.50502,-74.456
173.38,-0.47299,-74.594
173.32,-0.51425,-74.735
173.35,-0.49294,-74.849
173.31,-0.46646,-74.947
173.23,-0.49336,-75.071
173.23,-0.55931,-75.213
173.12,-0.48754,-75.355
173.08,-0.43004,-75.477
172.98,-0.43971,-75.602
172.88,-0.4747,-75.739
172.86,-0.43054,-75.857
172.88,-0.40496,-75.936
172.84,-0.44701,-76.06
172.86,-0.42296,-76.176
172.91,-0.49287,-76.277
172.91,-0.44676,-76.408
172.9,-0.3311,-76.54
172.87,-0.22884,-76.691
172.8,-0.20628,-76.852
172.72,-0.20936,-77.022
172.68,-0.21121,-77.141
172.64,-0.18397,-77.225
172.69,-0.1498,-77.35
172.73,-0.19366,-77.429
172.72,-0.32391,-77.469
172.76,-0.39062,-77.586
172.76,-0.39875,-77.697
172.75,-0.39035,-77.795
172.76,-0.32248,-77.945
172.78,-0.46171,-78.041
172.82,-0.43201,-78.2
172.79,-0.4432,-78.286
172.8,-0.39448,-78.373
172.8,-0.41576,-78.469
172.79,-0.42751,-78.574
172.69,-0.36084,-78.741
172.62,-0.46096,-78.833
172.52,-0.41277,-78.914
172.43,-0.47526,-78.982
172.46,-0.37007,-79.091
172.49,-0.31707,-79.225
172.51,-0.33535,-79.298
172.52,-0.41333,-79.395
172.49,-0.49512,-79.527
172.49,-0.61295,-79.607
172.5,-0.56329,-79.744
172.47,-0.56844,-79.871
172.49,-0.73171,-79.943
172.48,-0.91046,-80.015
172.45,-1.0181,-80.067
172.47,-1.0359,-80.162
172.48,-0.99238,-80.276
172.43,-1.0251,-80.366
172.44,-1.0362,-80.445
172.49,-0.95547,-80.553
172.59,-0.96748,-80.691
172.55,-1.0764,-80.736
172.47,-1.0313,-80.795
172.47,-0.84796,-80.902
172.4,-0.71155,-81.031
172.34,-0.82479,-81.076
172.31,-0.85181,-81.096
172.34,-0.75948,-81.16
172.29,-0.83677,-81.128
172.31,-0.84238,-81.154
172.37,-0.94235,-81.185
172.47,-0.90549,-81.274
172.49,-0.92763,-81.316
172.48,-1.0104,-81.343
172.44,-1.1707,-81.354
172.42,-1.0128,-81.409
172.43,-0.82783,-81.491
172.51,-0.84684,-81.58
172.6,-0.9106,-81.705
172.65,-1.0221,-81.83
172.57,-1.0019,-81.962
172.44,-0.84225,-82.044
172.4,-0.75883,-82.142
172.47,-0.77685,-82.233
172.49,-0.83505,-82.309
172.49,-0.90091,-82.334
172.47,-1.1039,-82.32
172.36,-1.1133,-82.381
172.41,-0.95952,-82.421
172.52,-0.90941,-82.433
172.49,-0.78088,-82.503
172.47,-0.76774,-82.547
172.26,-0.82049,-82.586
172.03,-0.99409,-82.571
171.96,-0.8445,-82.582
171.99,-0.54683,-82.59
172.08,-0.47653,-82.556
172.21,-0.44527,-82.545
172.35,-0.49743,-82.553
172.41,-0.54109,-82.605
172.43,-0.59695,-82.681
172.38,-0.82709,-82.687
172.31,-0.85231,-82.727
172.31,-0.91112,-82.706
172.38,-0.88233,-82.603
172.48,-0.67553,-82.558
172.6,-0.56688,-82.487
172.62,-0.47334,-82.419
172.73,-0.57381,-82.361
172.83,-0.77934,-82.357
172.97,-1.001,-82.406
173.05,-1.2263,-82.442
173.14,-1.4577,-82.45
173.25,-1.4122,-82.453
173.22,-1.3188,-82.435
173.17,-1.2521,-82.443
173.12,-1.1423,-82.484
173.07,-1.1048,-82.524
173.04,-1.0326,-82.613
172.97,-1.0876,-82.664
172.83,-1.1057,-82.683
172.66,-1.0422,-82.702
172.49,-0.9477,-82.684
172.38,-0.89885,-82.583
172.38,-0.74144,-82.535
172.44,-0.59872,-82.548
172.5,-0.61805,-82.552
172.55,-0.61394,-82.604
172.52,-0.64244,-82.638
172.47,-0.67382,-82.647
172.44,-0.6028,-82.631
172.43,-0.50757,-82.601
172.51,-0.524,-82.58
172.63,-0.61299,-82.6
172.68,-0.82152,-82.613
172.6,-0.98941,-82.644
172.52,-1.0337,-82.694
172.6,-1.0316,-82.706
172.7,-0.88857,-82.736
172.8,-0.8776,-82.698
172.93,-0.80074,-82.72
172.89,-0.9139,-82.699
172.82,-0.86033,-82.749
172.67,-0.8002,-82.804
172.53,-0.87667,-82.837
172.59,-1.0457,-82.882
172.7,-1.0783,-82.951
172.69,-0.98792,-83.024
172.67,-0.89255,-83.029
172.59,-0.81919,-82.926
172.56,-0.68992,-82.803
172.56,-0.63866,-82.671
172.65,-0.59843,-82.574
172.78,-0.5993,-82.543
172.78,-0.78435,-82.493
172.7,-0.91547,-82.458
172.59,-0.88913,-82.401
172.65,-0.8148,-82.31
172.78,-0.72339,-82.241
172.89,-0.61695,-82.186
172.98,-0.59081,-82.145
172.94,-0.61225,-82.155
172.85,-0.7032,-82.174
172.75,-0.78085,-82.216
172.68,-0.94989,-82.23
172.61,-0.85002,-82.294
172.61,-0.66723,-82.363
172.63,-0.67052,-82.365
172.7,-0.63534,-82.33
172.85,-0.4687,-82.312
172.81,-0.30425,-82.253
172.71,-0.20641,-82.243
172.55,-0.16377,-82.254
172.42,-0.277,-82.219
172.47,-0.30216,-82.215
172.57,-0.20271,-82.274
172.57,-0.32247,-82.264
172.49,-0.43237,-82.223
172.44,-0.59391,-82.194
172.38,-0.75109,-82.15
172.37,-0.6413,-82.185
172.51,-0.55854,-82.21
172.62,-0.57905,-82.181
172.67,-0.58323,-82.129
172.71,-0.61679,-82.044
172.72,-0.53423,-81.997
172.76,-0.49322,-81.946
172.79,-0.45248,-81.909
172.75,-0.5806,-81.872
172.69,-0.7514,-81.822
172.66,-0.82472,-81.784
172.63,-0.6548,-81.818
172.51,-0.65001,-81.764
172.52,-0.5621,-81.734
172.67,-0.50097,-81.722
172.75,-0.51418,-81.692
172.74,-0.47149,-81.689
172.65,-0.50685,-81.62
172.58,-0.5557,-81.525
172.68,-0.61475,-81.441
172.78,-0.6642,-81.35
172.84,-0.66231,-81.235
172.9,-0.64687,-81.138
172.82,-0.56159,-81.054
172.76,-0.47956,-81.025
172.73,-0.42147,-81.018
172.62,-0.43916,-80.985
172.5,-0.5148,-80.918
172.42,-0.4494,-80.9
172.33,-0.46327,-80.865
172.28,-0.38107,-80.79
172.37,-0.21908,-80.741
172.5,-0.14099,-80.689
172.62,-0.13186,-80.635
172.73,-0.043869,-80.625
172.76,-0.010977,-80.626
172.71,-0.19385,-80.625
172.69,-0.27838,-80.637
172.67,-0.42227,-80.665
172.61,-0.48256,-80.709
172.53,-0.56038,-80.68
172.54,-0.53167,-80.587
172.65,-0.41812,-80.539
172.7,-0.29581,-80.48
172.65,-0.14335,-80.428
172.62,-0.039494,-80.434
172.6,-0.1627,-80.393
172.66,-0.13344,-80.367
172.74,-0.26901,-80.385
172.77,-0.48957,-80.379
172.76,-0.67687,-80.374
172.74,-0.74074,-80.316
172.85,-0.78965,-80.271
172.87,-0.65281,-80.313
172.84,-0.66896,-80.273
172.83,-0.56854,-80.221
172.83,-0.25601,-80.201
172.86,-0.092471,-80.097
172.92,0.14154,-80.06
172.96,0.38012,-80.056
172.92,0.4268,-80.023
172.89,0.31365,-79.985
172.89,0.13681,-79.943
172.94,-0.089006,-79.917
173.02,-0.32839,-79.899
173.14,-0.46001,-79.923
173.21,-0.56569,-79.952
173.15,-0.61745,-79.9
173.1,-0.39917,-79.872
173.04,-0.22771,-79.784
173.1,-0.060357,-79.754
173.19,0.004481,-79.751
173.28,0.051704,-79.77
173.32,-0.043628,-79.81
173.26,-0.18757,-79.828
173.17,-0.13764,-79.919
173.05,-0.14126,-79.992
173.01,-0.13603,-80.033
173.14,-0.15825,-80.092
173.22,-0.14536,-80.142
173.2,-0.12302,-80.121
173.19,-0.050905,-80.065
173.19,0.10435,-80.04
173.27,0.23935,-80.019
173.42,0.17823,-79.99
173.53,0.017612,-79.974
173.44,-0.15719,-79.932
173.24,-0.27859,-79.902
173.05,-0.37527,-79.898
172.85,-0.45478,-79.917
172.68,-0.4405,-79.969
172.55,-0.41677,-80.053
172.41,-0.61453,-80.154
172.33,-0.8851,-80.215
172.19,-1.1296,-80.27
172,-1.0991,-80.299
171.87,-0.90231,-80.293
171.83,-0.67439,-80.264
171.91,-0.58443,-80.229
171.99,-0.56254,-80.258
172.12,-0.50526,-80.332
172.06,-0.57132,-80.405
172.23,-0.9117,-80.385
172.76,-1.4246,-80.299
173.22,-1.7799,-80.207
173.64,-1.9798,-80.117
174.01,-2.0559,-80.041
174.34,-2.0726,-79.996
174.55,-2.0395,-79.989
174.62,-1.8839,-80.048
174.58,-1.6264,-80.115
174.43,-1.3945,-80.156
174.3,-1.1771,-80.242
174.12,-1.1812,-80.27
173.92,-1.2321,-80.27
173.82,-1.2961,-80.237
173.89,-1.3062,-80.249
174.03,-1.2362,-80.351
173.99,-1.0798,-80.507
174.33,-1.1044,-80.633
174.61,-1.4187,-80.7
174.63,-1.7073,-80.704
174.87,-1.9587,-80.721
174.89,-2.1309,-80.821
175.07,-2.0154,-80.897
175.3,-1.9419,-80.968
175.5,-2.0758,-81.05
175.7,-2.2888,-81.096
175.74,-2.4699,-81.07
175.82,-2.7192,-81.08
175.99,-2.9093,-81.079
176.26,-2.9306,-81.102
176.45,-3.25,-81.137
176.5,-3.5406,-81.154
176.55,-3.5468,-81.169
176.81,-3.3839,-81.196
177.09,-3.4325,-81.242
177.22,-3.7319,-81.275
177.27,-4.1089,-81.305
177.34,-4.1026,-81.338
177.52,-4.2598,-81.376
177.64,-4.681,-81.394
177.7,-5.127,-81.376
177.79,-5.4202,-81.309
178.02,-5.4439,-81.276
178.26,-5.4213,-81.256
178.47,-5.3951,-81.297
178.46,-5.5811,-81.322
178.34,-5.8189,-81.285
178.25,-5.8571,-81.244
178.3,-5.8075,-81.154
178.41,-5.6982,-81.076
178.59,-5.5404,-81.051
178.67,-5.4673,-81.075
178.83,-5.5075,-81.125
178.93,-5.444,-81.151
178.98,-5.335,-81.215
179.03,-5.1263,-81.336
179.09,-4.8401,-81.519
179.06,-4.526,-81.753
178.81,-4.4204,-81.969
178.56,-4.5479,-82.156
178.33,-4.6831,-82.342
178.29,-4.6848,-82.538
178.57,-4.3721,-82.803
178.99,-4.1264,-83.09
178.6,-3.899,-83.358
180.14,-3.4868,-83.57
178.27,-3.0919,-83.736
182.01,-3.0538,-83.876
176.55,-3.3667,-84.069
185.04,-3.9598,-84.312
171.58,-4.5735,-84.598
193.04,-5.1274,-84.917
-102.89,-5.5537,-85.241
-198.78,-6.0158,-85.587
-169.05,-6.6385,-86.071
-184.32,-7.5044,-86.617
-174.24,-8.9034,-87.147
-180.56,-10.075,-87.76
-176.49,-10.616,-88.46
-178.73,-10.681,-89.196
-177.48,-10.17,-89.882
-178.48,-9.5488,-90.508
-177.7,-9.7202,-90.955
-177.01,-10.543,-91.126
-176.83,-11.309,-91.176
-177.04,-11.524,-91.277
-177.11,-11.43,-91.511
-177.03,-11.321,-91.777
-177.1,-11.226,-91.978
-177.2,-11.399,-92.218
-177.64,-11.381,-92.503
-178.16,-11.19,-92.845
-178.3,-10.994,-93.27
-178.07,-10.579,-93.712
-178.97,-9.8043,-94.054
-177.98,-9.1383,-94.203
-179.43,-8.7859,-94.128
-176.45,-8.5283,-94.003
-181.08,-8.4132,-93.977
-175.28,-8.4127,-94.152
-180.73,-8.3779,-94.539
126.43,-8.1624,-95.055
193.27,-7.9024,-95.401
173.26,-7.5404,-95.348
184.17,-7.1928,-95.024
177.23,-6.8407,-94.646
181.1,-6.5891,-94.379
177.91,-6.516,-94.23
179.3,-6.5603,-94.139
178.24,-6.4295,-94.092
178.76,-6.2999,-93.977
178.39,-6.2227,-93.748
178.46,-6.0847,-93.499
178.59,-6.0098,-93.35
178.8,-5.7076,-93.32
177.12,-5.2853,-93.267
178.48,-5.1496,-93.109
174.87,-5.616,-92.877
180.4,-6.3845,-92.821
172.01,-6.8852,-93
186.18,-7.1157,-93.252
165.12,-7.1652,-93.414
205.98,-7.0638,-93.502
63.722,-6.8473,-93.561
-205.04,-6.6313,-93.523
-166.13,-6.5868,-93.408
-187.12,-6.577,-93.302
-173.49,-6.5276,-93.198
-181.6,-6.467,-93.118
-175.85,-6.3479,-93.063
-178.86,-6.0846,-92.99
-176.68,-5.8055,-92.969
-177.35,-5.696,-93.038
-176.78,-5.7129,-93.132
-176.71,-5.7455,-93.239
-176.71,-5.8745,-93.377
-176.74,-6.0185,-93.499
-176.74,-6.0881,-93.552
-176.78,-6.1073,-93.563
-176.87,-6.2615,-93.552
-177.06,-6.3844,-93.672
-176.68,-6.2037,-93.595
-177.33,-6.4224,-93.887
-176.31,-6.6355,-93.349
-177.94,-7.0079,-94.257
-175.23,-7.0694,-92.817
-179.22,-7.2206,-94.877
-172.64,-6.9561,-91.371
-184.78,-7.5714,-97.799
-144.77,-5.9523,-76.681
